{"$schema":"http://schema.management.azure.com/schemas/2015-01-01/deploymentTemplate.json#","contentVersion":"1.0.0.0","parameters":{"api-comexstat kaique":{"type":"string"},"lk_raw_dados_publicos":{"type":"string"},"FabricDataPipelines kaique":{"type":"string"}},"variables":{},"resources":[{"name":"pl_dados_mdic_incremental","type":"pipelines","apiVersion":"2018-06-01","properties":{"activities":[{"name":"If Condition","type":"IfCondition","dependsOn":[{"activity":"Get Metadata","dependencyConditions":["Completed"]}],"typeProperties":{"expression":{"value":"@activity('Get Metadata').output.exists","type":"Expression"},"ifFalseActivities":[{"name":"CopyDataFalse","type":"Copy","dependsOn":[],"policy":{"timeout":"0.12:00:00","retry":0,"retryIntervalInSeconds":30,"secureOutput":false,"secureInput":false},"typeProperties":{"source":{"type":"RestSource","httpRequestTimeout":"00:01:40","requestInterval":"00.00:00:00.010","requestMethod":"GET","datasetSettings":{"annotations":[],"type":"RestResource","typeProperties":{"relativeUrl":""},"schema":[],"externalReferences":{"connection":"[parameters('api-comexstat kaique')]"}}},"sink":{"type":"JsonSink","storeSettings":{"type":"LakehouseWriteSettings"},"formatSettings":{"type":"JsonWriteSettings"},"datasetSettings":{"annotations":[],"linkedService":{"name":"lk_raw_dados_publicos","properties":{"annotations":[],"type":"Lakehouse","typeProperties":{"workspaceId":"3ed9004c-a27b-47fb-8a19-3a0a8508fbf3","artifactId":"[parameters('lk_raw_dados_publicos')]","rootFolder":"Files"}}},"type":"Json","typeProperties":{"location":{"type":"LakehouseLocation","fileName":"data_atualizacao.json","folderPath":"api_comexstat_mdic/json"}},"schema":{}}},"enableStaging":false}},{"name":"atualizar_watermark_false","type":"Copy","dependsOn":[{"activity":"data_atualizacao_false","dependencyConditions":["Completed"]}],"policy":{"timeout":"0.12:00:00","retry":0,"retryIntervalInSeconds":30,"secureOutput":false,"secureInput":false},"typeProperties":{"source":{"type":"DelimitedTextSource","additionalColumns":[{"name":"data_atualizacao","value":{"value":"@variables('data_atualizacao')","type":"Expression"}}],"storeSettings":{"type":"LakehouseReadSettings","recursive":true,"enablePartitionDiscovery":false},"formatSettings":{"type":"DelimitedTextReadSettings"},"datasetSettings":{"annotations":[],"linkedService":{"name":"lk_raw_dados_publicos","properties":{"annotations":[],"type":"Lakehouse","typeProperties":{"workspaceId":"3ed9004c-a27b-47fb-8a19-3a0a8508fbf3","artifactId":"[parameters('lk_raw_dados_publicos')]","rootFolder":"Files"}}},"type":"DelimitedText","typeProperties":{"location":{"type":"LakehouseLocation","fileName":"watermark_templete.csv","folderPath":"geral"},"columnDelimiter":",","escapeChar":"\\","firstRowAsHeader":true,"quoteChar":"\""},"schema":[]}},"sink":{"type":"DelimitedTextSink","storeSettings":{"type":"LakehouseWriteSettings"},"formatSettings":{"type":"DelimitedTextWriteSettings","fileExtension":".txt"},"datasetSettings":{"annotations":[],"linkedService":{"name":"lk_raw_dados_publicos","properties":{"annotations":[],"type":"Lakehouse","typeProperties":{"workspaceId":"3ed9004c-a27b-47fb-8a19-3a0a8508fbf3","artifactId":"[parameters('lk_raw_dados_publicos')]","rootFolder":"Files"}}},"type":"DelimitedText","typeProperties":{"location":{"type":"LakehouseLocation","fileName":"watermark.csv","folderPath":"api_comexstat_mdic"},"columnDelimiter":",","escapeChar":"\\","firstRowAsHeader":true,"quoteChar":"\""},"schema":[]}},"enableStaging":false,"translator":{"type":"TabularTranslator","mappings":[{"source":{"name":"data_atualizacao","type":"String"},"sink":{"name":"data_atualizacao","type":"String","physicalType":"String"}}],"typeConversion":true,"typeConversionSettings":{"allowDataTruncation":true,"treatBooleanAsNumber":false}}}},{"name":"LookupFalse","type":"Lookup","dependsOn":[{"activity":"CopyDataFalse","dependencyConditions":["Completed"]}],"policy":{"timeout":"0.12:00:00","retry":0,"retryIntervalInSeconds":30,"secureOutput":false,"secureInput":false},"typeProperties":{"source":{"type":"JsonSource","storeSettings":{"type":"LakehouseReadSettings","recursive":true,"enablePartitionDiscovery":false},"formatSettings":{"type":"JsonReadSettings"}},"datasetSettings":{"annotations":[],"linkedService":{"name":"lk_raw_dados_publicos","properties":{"annotations":[],"type":"Lakehouse","typeProperties":{"workspaceId":"3ed9004c-a27b-47fb-8a19-3a0a8508fbf3","artifactId":"[parameters('lk_raw_dados_publicos')]","rootFolder":"Files"}}},"type":"Json","typeProperties":{"location":{"type":"LakehouseLocation","fileName":"data_atualizacao.json","folderPath":"api_comexstat_mdic/json"}},"schema":{}}}},{"name":"data_atualizacao_false","type":"SetVariable","dependsOn":[{"activity":"LookupFalse","dependencyConditions":["Completed"]}],"policy":{"secureOutput":false,"secureInput":false},"typeProperties":{"variableName":"data_atualizacao","value":{"value":"@formatDateTime(\n  concat(\n    activity('LookupFalse').output.firstRow.data.year,\n    '-',\n    activity('LookupFalse').output.firstRow.data.monthNumber,\n    '-01'\n  ),\n  'dd/MM/yyyy'\n)","type":"Expression"}}},{"name":"InvokePipelineFalse","type":"InvokePipeline","dependsOn":[{"activity":"atualizar_watermark_false","dependencyConditions":["Completed"]}],"policy":{"timeout":"0.12:00:00","retry":0,"retryIntervalInSeconds":30,"secureOutput":false,"secureInput":false},"typeProperties":{"waitOnCompletion":true,"operationType":"InvokeFabricPipeline","pipelineId":"669840e4-7e56-4f2e-a281-9f3b36bf3e3b","workspaceId":"3ed9004c-a27b-47fb-8a19-3a0a8508fbf3","parameters":{"lk_lakehouse_raw":{"value":"@pipeline().parameters.lk_lakehouse_raw","type":"Expression"},"lk_lakehouse_silver":{"value":"@pipeline().parameters.lk_lakehouse_silver","type":"Expression"},"raw_dados_publicos_abfss_files":{"value":"@pipeline().parameters.raw_dados_publicos_abfss_files","type":"Expression"},"data_inicio":{"value":"@int('1997')","type":"Expression"},"data_fim":{"value":"@int(formatDateTime(variables('data_atualizacao'), 'yyyy'))","type":"Expression"}}},"externalReferences":{"connection":"[parameters('FabricDataPipelines kaique')]"}}],"ifTrueActivities":[{"name":"Copy Data","type":"Copy","dependsOn":[],"policy":{"timeout":"0.12:00:00","retry":0,"retryIntervalInSeconds":30,"secureOutput":false,"secureInput":false},"typeProperties":{"source":{"type":"RestSource","httpRequestTimeout":"00:01:40","requestInterval":"00.00:00:00.010","requestMethod":"GET","datasetSettings":{"annotations":[],"type":"RestResource","typeProperties":{"relativeUrl":""},"schema":[],"externalReferences":{"connection":"[parameters('api-comexstat kaique')]"}}},"sink":{"type":"JsonSink","storeSettings":{"type":"LakehouseWriteSettings"},"formatSettings":{"type":"JsonWriteSettings"},"datasetSettings":{"annotations":[],"linkedService":{"name":"lk_raw_dados_publicos","properties":{"annotations":[],"type":"Lakehouse","typeProperties":{"workspaceId":"3ed9004c-a27b-47fb-8a19-3a0a8508fbf3","artifactId":"[parameters('lk_raw_dados_publicos')]","rootFolder":"Files"}}},"type":"Json","typeProperties":{"location":{"type":"LakehouseLocation","fileName":"data_atualizacao.json","folderPath":"api_comexstat_mdic/json"}},"schema":{}}},"enableStaging":false}},{"name":"Lookup","type":"Lookup","dependsOn":[{"activity":"Copy Data","dependencyConditions":["Completed"]}],"policy":{"timeout":"0.12:00:00","retry":0,"retryIntervalInSeconds":30,"secureOutput":false,"secureInput":false},"typeProperties":{"source":{"type":"JsonSource","storeSettings":{"type":"LakehouseReadSettings","recursive":true,"enablePartitionDiscovery":false},"formatSettings":{"type":"JsonReadSettings"}},"datasetSettings":{"annotations":[],"linkedService":{"name":"lk_raw_dados_publicos","properties":{"annotations":[],"type":"Lakehouse","typeProperties":{"workspaceId":"3ed9004c-a27b-47fb-8a19-3a0a8508fbf3","artifactId":"[parameters('lk_raw_dados_publicos')]","rootFolder":"Files"}}},"type":"Json","typeProperties":{"location":{"type":"LakehouseLocation","fileName":"data_atualizacao.json","folderPath":"api_comexstat_mdic/json"}},"schema":{}}}},{"name":"data_atualizacao","type":"SetVariable","dependsOn":[{"activity":"Lookup","dependencyConditions":["Completed"]}],"policy":{"secureOutput":false,"secureInput":false},"typeProperties":{"variableName":"data_atualizacao","value":{"value":"@formatDateTime(\n  concat(\n    activity('Lookup').output.firstRow.data.year,\n    '-',\n    activity('Lookup').output.firstRow.data.monthNumber,\n    '-01'\n  ),\n  'dd/MM/yyyy'\n)","type":"Expression"}}}]}},{"name":"Get Metadata","type":"GetMetadata","dependsOn":[],"policy":{"timeout":"0.12:00:00","retry":0,"retryIntervalInSeconds":30,"secureOutput":false,"secureInput":false},"typeProperties":{"fieldList":["exists"],"datasetSettings":{"annotations":[],"linkedService":{"name":"lk_raw_dados_publicos","properties":{"annotations":[],"type":"Lakehouse","typeProperties":{"workspaceId":"3ed9004c-a27b-47fb-8a19-3a0a8508fbf3","artifactId":"[parameters('lk_raw_dados_publicos')]","rootFolder":"Files"}}},"type":"Json","typeProperties":{"location":{"type":"LakehouseLocation","fileName":"data_atualizacao.json","folderPath":"api_comexstat_mdic/json"}},"schema":{}},"storeSettings":{"type":"AzureBlobStorageReadSettings","recursive":true,"enablePartitionDiscovery":false},"formatSettings":{"type":"JsonReadSettings"}}},{"name":"LookupDataApi","type":"Lookup","dependsOn":[{"activity":"If Condition","dependencyConditions":["Completed"]}],"policy":{"timeout":"0.12:00:00","retry":0,"retryIntervalInSeconds":30,"secureOutput":false,"secureInput":false},"typeProperties":{"source":{"type":"JsonSource","storeSettings":{"type":"LakehouseReadSettings","recursive":true,"enablePartitionDiscovery":false},"formatSettings":{"type":"JsonReadSettings"}},"datasetSettings":{"annotations":[],"linkedService":{"name":"lk_raw_dados_publicos","properties":{"annotations":[],"type":"Lakehouse","typeProperties":{"workspaceId":"3ed9004c-a27b-47fb-8a19-3a0a8508fbf3","artifactId":"[parameters('lk_raw_dados_publicos')]","rootFolder":"Files"}}},"type":"Json","typeProperties":{"location":{"type":"LakehouseLocation","fileName":"data_atualizacao.json","folderPath":"api_comexstat_mdic/json"}},"schema":{}}}},{"name":"data_api","type":"SetVariable","dependsOn":[{"activity":"LookupDataApi","dependencyConditions":["Completed"]}],"policy":{"secureOutput":false,"secureInput":false},"typeProperties":{"variableName":"data_api","value":{"value":"@formatDateTime(concat(activity('LookupDataApi').output.firstRow.data.year, '-', activity('LookupDataApi').output.firstRow.data.monthNumber, '-01'), 'dd/MM/yyyy')","type":"Expression"}}},{"name":"LookupDataWatermark","type":"Lookup","dependsOn":[{"activity":"If Condition","dependencyConditions":["Completed"]}],"policy":{"timeout":"0.12:00:00","retry":0,"retryIntervalInSeconds":30,"secureOutput":false,"secureInput":false},"typeProperties":{"source":{"type":"DelimitedTextSource","storeSettings":{"type":"LakehouseReadSettings","recursive":true,"enablePartitionDiscovery":false},"formatSettings":{"type":"DelimitedTextReadSettings"}},"datasetSettings":{"annotations":[],"linkedService":{"name":"lk_raw_dados_publicos","properties":{"annotations":[],"type":"Lakehouse","typeProperties":{"workspaceId":"3ed9004c-a27b-47fb-8a19-3a0a8508fbf3","artifactId":"[parameters('lk_raw_dados_publicos')]","rootFolder":"Files"}}},"type":"DelimitedText","typeProperties":{"location":{"type":"LakehouseLocation","fileName":"watermark.csv","folderPath":"api_comexstat_mdic"},"columnDelimiter":",","escapeChar":"\\","firstRowAsHeader":true,"quoteChar":"\""},"schema":[]}}},{"name":"data_waltermark","type":"SetVariable","dependsOn":[{"activity":"LookupDataWatermark","dependencyConditions":["Completed"]}],"policy":{"secureOutput":false,"secureInput":false},"typeProperties":{"variableName":"data_waltermark","value":{"value":"@string(activity('LookupDataWatermark').output.firstRow.data_atualizacao)","type":"Expression"}}},{"name":"If Condition1","description":"","type":"IfCondition","dependsOn":[{"activity":"data_waltermark","dependencyConditions":["Completed"]},{"activity":"data_api","dependencyConditions":["Completed"]}],"typeProperties":{"expression":{"value":"@equals(\n  formatDateTime(variables('data_api'), 'yyyy-MM-dd'),\n  formatDateTime(variables('data_waltermark'), 'yyyy-MM-dd')\n)","type":"Expression"},"ifFalseActivities":[{"name":"atualizar_watermark","type":"Copy","dependsOn":[],"policy":{"timeout":"0.12:00:00","retry":0,"retryIntervalInSeconds":30,"secureOutput":false,"secureInput":false},"typeProperties":{"source":{"type":"DelimitedTextSource","additionalColumns":[{"name":"data_atualizacao","value":{"value":"@variables('data_atualizacao')","type":"Expression"}}],"storeSettings":{"type":"LakehouseReadSettings","recursive":true,"enablePartitionDiscovery":false},"formatSettings":{"type":"DelimitedTextReadSettings"},"datasetSettings":{"annotations":[],"linkedService":{"name":"lk_raw_dados_publicos","properties":{"annotations":[],"type":"Lakehouse","typeProperties":{"workspaceId":"3ed9004c-a27b-47fb-8a19-3a0a8508fbf3","artifactId":"[parameters('lk_raw_dados_publicos')]","rootFolder":"Files"}}},"type":"DelimitedText","typeProperties":{"location":{"type":"LakehouseLocation","fileName":"watermark_templete.csv","folderPath":"geral"},"columnDelimiter":",","escapeChar":"\\","firstRowAsHeader":true,"quoteChar":"\""},"schema":[]}},"sink":{"type":"DelimitedTextSink","storeSettings":{"type":"LakehouseWriteSettings"},"formatSettings":{"type":"DelimitedTextWriteSettings","fileExtension":".txt"},"datasetSettings":{"annotations":[],"linkedService":{"name":"lk_raw_dados_publicos","properties":{"annotations":[],"type":"Lakehouse","typeProperties":{"workspaceId":"3ed9004c-a27b-47fb-8a19-3a0a8508fbf3","artifactId":"[parameters('lk_raw_dados_publicos')]","rootFolder":"Files"}}},"type":"DelimitedText","typeProperties":{"location":{"type":"LakehouseLocation","fileName":"watermark.csv","folderPath":"api_comexstat_mdic"},"columnDelimiter":",","escapeChar":"\\","firstRowAsHeader":true,"quoteChar":"\""},"schema":[]}},"enableStaging":false,"translator":{"type":"TabularTranslator","mappings":[{"source":{"name":"data_atualizacao","type":"String"},"sink":{"name":"data_atualizacao","type":"String","physicalType":"String"}}],"typeConversion":true,"typeConversionSettings":{"allowDataTruncation":true,"treatBooleanAsNumber":false}}}},{"name":"pl_dados_mdic","type":"InvokePipeline","dependsOn":[{"activity":"atualizar_watermark","dependencyConditions":["Completed"]}],"policy":{"timeout":"0.12:00:00","retry":0,"retryIntervalInSeconds":30,"secureOutput":false,"secureInput":false},"typeProperties":{"waitOnCompletion":true,"operationType":"InvokeFabricPipeline","pipelineId":"669840e4-7e56-4f2e-a281-9f3b36bf3e3b","workspaceId":"3ed9004c-a27b-47fb-8a19-3a0a8508fbf3","parameters":{"lk_lakehouse_raw":{"value":"@pipeline().parameters.lk_lakehouse_raw","type":"Expression"},"lk_lakehouse_silver":{"value":"@pipeline().parameters.lk_lakehouse_silver","type":"Expression"},"raw_dados_publicos_abfss_files":{"value":"@pipeline().parameters.raw_dados_publicos_abfss_files","type":"Expression"},"data_inicio":{"value":"@int(formatDateTime(\n   if(\n      less(\n         ticks(variables('data_waltermark')),\n         ticks(variables('data_api'))\n      ),\n      variables('data_waltermark'),\n      variables('data_api')\n   ),\n'yyyy'))\n","type":"Expression"},"data_fim":{"value":"@int(formatDateTime(\n   if(\n      greater(variables('data_waltermark'), variables('data_api')),\n      variables('data_waltermark'),\n      variables('data_api')\n   ),\n'yyyy'))","type":"Expression"}}},"externalReferences":{"connection":"[parameters('FabricDataPipelines kaique')]"}}],"ifTrueActivities":[{"name":"Wait2","type":"Wait","dependsOn":[],"typeProperties":{"waitTimeInSeconds":1}}]}}],"parameters":{"lk_lakehouse_raw":{"type":"string","defaultValue":"lk_raw_dados_publicos"},"lk_lakehouse_silver":{"type":"string","defaultValue":"lk_silver_dados_publicos"},"raw_dados_publicos_abfss_files":{"type":"string","defaultValue":"abfss://3ed9004c-a27b-47fb-8a19-3a0a8508fbf3@onelake.dfs.fabric.microsoft.com/34b49a7f-cf79-410e-8c7a-2b00f7d44771/Files"}},"variables":{"data_atualizacao":{"type":"String"},"data_fim":{"type":"String"},"data_api":{"type":"String"},"data_waltermark":{"type":"String"}},"lastModifiedByObjectId":"ccbabfa4-6701-4bce-954b-f5032b5dd419","lastPublishTime":"2026-02-03T12:11:42Z"},"dependsOn":[]},{"name":"pl_dados_mdic","type":"pipelines","apiVersion":"2018-06-01","properties":{"activities":[{"name":"nb_raw_mdic_fatos","type":"TridentNotebook","dependsOn":[],"policy":{"retry":0,"retryIntervalInSeconds":30,"secureOutput":false,"secureInput":false},"typeProperties":{"notebookId":"61b41386-991d-4f0b-84b3-1e6efcb8f92b","workspaceId":"3ed9004c-a27b-47fb-8a19-3a0a8508fbf3","parameters":{"data_inicio":{"value":{"value":"@pipeline().parameters.data_inicio","type":"Expression"},"type":"int"},"data_fim":{"value":{"value":"@pipeline().parameters.data_fim","type":"Expression"},"type":"int"},"raw_dados_publicos_abfss_files":{"value":{"value":"@pipeline().parameters.raw_dados_publicos_abfss_files","type":"Expression"},"type":"string"}}}},{"name":"nb_raw_mdic_dim","type":"TridentNotebook","dependsOn":[],"policy":{"timeout":"0.12:00:00","retry":0,"retryIntervalInSeconds":30,"secureOutput":false,"secureInput":false},"typeProperties":{"notebookId":"9962ea22-30e1-44d2-a827-83e8bc366202","workspaceId":"3ed9004c-a27b-47fb-8a19-3a0a8508fbf3","parameters":{"raw_dados_publicos_abfss_files":{"value":{"value":"@pipeline().parameters.raw_dados_publicos_abfss_files","type":"Expression"},"type":"string"}}}},{"name":"nb_raw_mdic_etl_fatos","type":"TridentNotebook","dependsOn":[{"activity":"nb_raw_mdic_fatos","dependencyConditions":["Completed"]}],"policy":{"timeout":"0.12:00:00","retry":0,"retryIntervalInSeconds":30,"secureOutput":false,"secureInput":false},"typeProperties":{"notebookId":"2dc7db68-be87-42bb-99c4-1b2e6b748368","workspaceId":"3ed9004c-a27b-47fb-8a19-3a0a8508fbf3","parameters":{"raw_dados_publicos_abfss_files":{"value":{"value":"@pipeline().parameters.raw_dados_publicos_abfss_files","type":"Expression"},"type":"string"}}}},{"name":"nb_raw_mdic_etl_dim","type":"TridentNotebook","dependsOn":[{"activity":"nb_raw_mdic_dim","dependencyConditions":["Completed"]}],"policy":{"timeout":"0.12:00:00","retry":0,"retryIntervalInSeconds":30,"secureOutput":false,"secureInput":false},"typeProperties":{"notebookId":"a90cc02a-9c5c-4f76-a381-6523539bdfd0","workspaceId":"3ed9004c-a27b-47fb-8a19-3a0a8508fbf3","parameters":{"raw_dados_publicos_abfss_files":{"value":{"value":"@pipeline().parameters.raw_dados_publicos_abfss_files","type":"Expression"},"type":"string"}}}},{"name":"nb_silver_mdic_etl","type":"TridentNotebook","dependsOn":[{"activity":"Wait","dependencyConditions":["Completed"]}],"policy":{"timeout":"0.12:00:00","retry":0,"retryIntervalInSeconds":30,"secureOutput":false,"secureInput":false},"typeProperties":{"notebookId":"364a5117-59c1-4a34-a7f6-2f04e4264a36","workspaceId":"3ed9004c-a27b-47fb-8a19-3a0a8508fbf3","parameters":{"lakehouse_raw":{"value":{"value":"@pipeline().parameters.lk_lakehouse_raw","type":"Expression"},"type":"string"},"lakehouse_silver":{"value":{"value":"@pipeline().parameters.lk_lakehouse_silver","type":"Expression"},"type":"string"}}}},{"name":"Wait","type":"Wait","dependsOn":[{"activity":"nb_raw_mdic_etl_fatos","dependencyConditions":["Completed"]},{"activity":"nb_raw_mdic_etl_dim","dependencyConditions":["Completed"]}],"typeProperties":{"waitTimeInSeconds":1}}],"parameters":{"lk_lakehouse_raw":{"type":"string","defaultValue":"lk_raw_dados_publicos"},"lk_lakehouse_silver":{"type":"string","defaultValue":"lk_silver_dados_publicos"},"raw_dados_publicos_abfss_files":{"type":"string","defaultValue":"abfss://3ed9004c-a27b-47fb-8a19-3a0a8508fbf3@onelake.dfs.fabric.microsoft.com/34b49a7f-cf79-410e-8c7a-2b00f7d44771/Files"},"data_inicio":{"type":"int"},"data_fim":{"type":"int"}},"variables":{"data_fim":{"type":"String"},"data_inicio":{"type":"String"}},"lastModifiedByObjectId":"ccbabfa4-6701-4bce-954b-f5032b5dd419","lastPublishTime":"2026-02-03T12:23:33Z"},"dependsOn":[]}]}